{
  "DefaultState": "Locked_Alarm",
  /*
  Possible Types
    None
    Opening
    Unlocked
    Unlocked_MotionTrigger
    Locked_Keycard
    Locked_Generator
    Locked_Scan
    Locked_ScanProgress
    Locked_Alarm
    Locked_AlarmProgress
    Locked_ErrorAlarm
    Locked_ErrorAlarmProgress
    Lockdowned
  */
  "DefaultSettings": [
    {
      "Target": "None",
      "Texture": "DoorHolo_NoPower",
      "Emission": 0.0,
      "ColorA": "#000000",
      "ColorB": "#000000",
      "ColorC": "#000000",
      "ColorADistance": 0.0,
      "ColorBDistance": 0.0,
      "ColorCDistance": 0.0,
      "FadeColorA": { //B, C also exist
        "Enabled": false,
        "Duration": 1.0, //Fade Effect Duration for each color
        "Colors": [ //Colors
          "red",
          "#ffffff"
        ]
      },
      "Blink": { //Blink Effect when state change
        "InEnabled": true,
        "OutEnabled": true
      },
      "EmissionStrobe": { //Flashing Effect
        "Enabled": false,
        "Duration": 3.0,
        "MinMulti": 0.6,
        "MaxMulti": 1.0
      }
    },
    {
      "Target": "Lockdowned", //Special Override
      "Texture": "Custom/DoorHolo_Lockdown_Access", //Custom Texteure Added by Rundown devs uses Custom/ Prefix
      "Emission": 0.5,
      "ColorA": "#ffa62d",
      "ColorB": "#ffa62d",
      "ColorC": "#ffa62d",
      "ColorADistance": 0.0,
      "FadeColorA": {
        "Enabled": false,
        "Duration": 1.0,
        "Colors": []
      },
      "Blink": {
        "InEnabled": true,
        "OutEnabled": true
      },
      "EmissionStrobe": {
        "Enabled": true,
        "Duration": 1.0,
        "MinMulti": 0.0,
        "MaxMulti": 1.0
      }
    }
  ],
  "LevelOverrides": [
    {
      "PersistentIDs": [], //Layout Persistent ID
      "UsingLocalIndex": false,
      "LocalIndexes": [],
      "Settings": []
    }
  ],
  "ChainedPuzzleOverrides": [
    {
      "PersistentIDs": [
        //Chained Puzzle Persistent IDs
        4
      ],
      "Settings": [
        {
          "Target": "Lockdowned", //Special Override
          "Texture": "Custom/DoorHolo_Lockdown_Blocked",
          "Emission": 0.5,
          "ColorA": "#ffa62d",
          "ColorB": "#ffa62d",
          "ColorC": "#ffa62d",
          "ColorADistance": 0.0,
          "FadeColorA": {
            "Enabled": false,
            "Duration": 1.0,
            "Colors": []
          },
          "Blink": {
            "InEnabled": true,
            "OutEnabled": true
          },
          "EmissionStrobe": {
            "Enabled": true,
            "Duration": 0.5,
            "MinMulti": 0.0,
            "MaxMulti": 1.0
          }
        }
      ]
    }
  ]
}